First Last,First,Last,Company,Domain
Aldo Leopardi,Aldo,Leopardi,Aldo Leopardi,www.aldoleopardi.com
Tyler Buzbee,Tyler,Buzbee,Buzbee Dental,www.buzbeedental.com
Scott Andersen,Scott,Andersen,"Artisan Dental, Llc",www.artisandentalmadison.com
Todd Mcvay,Todd,Mcvay,"Mcvay, Llc",www.knutzenmcvaygroup.com
Milton Ntragatakis,Milton,Ntragatakis,Brunswick KiDDS Laser Dentistry,www.brunswickkidds.com
Lowell Reither,Lowell,Reither,Park Dental Minnetonka,www.parkdental.com
David Thurman,David,Thurman,Dental Elements,www.dentalelements.com
Russ Baer,Russ,Baer,University Associates In Dentistry,www.uadchicago.com
Andrew Scott,Andrew,Scott,Echo Ridge Dental Clinic,www.echoridgedental.com
James Rohan,James,Rohan,Chicago Style Smiles,www.chicagostylesmiles.com
Mike Deldar,Mike,Deldar,Deldar Dental,www.deldardental.com
Allison Workman,Allison,Workman,"Wood Creek Dental, P.A",www.woodcreekdental.com
Inna Trogan,Inna,Trogan,Signature Smile General & Cosmetic Dentistry,www.signaturesmiledental.com
Ivana Adamov,Ivana,Adamov,Ivana Adamov Dds Pc,www.sobodental.com
Hazar Jaber,Hazar,Jaber,Happy Kids Dentistry,www.happykidsdentistry.com
Ginger Kirkland,Ginger,Kirkland,"North Point Periodontics, P.C",www.npperioimplants.com
Nicole Ferrara,Nicole,Ferrara,"Ted E. Mioduski, Jr., D.D.S., P.C",www.implantdds.com
Jyoti Srivastava,Jyoti,Srivastava,EastSide Dental Medicine,www.eastsidedentalmedicine.com
Douglas Rolfe,Douglas,Rolfe,"Douglas A Rolfe, DDS",www.drrolfe.com
Melanie Hiskey,,,Cooleysmiles,www.cooleysmiles.com
