First Last,First,Last,Company,Domain
Thomas Hughes,Thomas,Hughes,Brownridge William F DDS,www.hughesdental.com
Tom Pointner,Tom,Pointner,"Fox Valley Dental Care, Llc",www.foxvalleydentalcare.com
Nadia Hamouda,Nadia,Hamouda,White Pearl Dentistry,www.whitepearldentistry.com
Craig Adelmann,Craig,Adelmann,Adelmann Dentistry,www.adelmanndds.com
Jeffrey Berkley,Jeffrey,Berkley,Connecticut Oral & Maxillofacial Surgery Centers Llc,www.ctoralsurgery.com
Kervin Hoffman,Kervin,Hoffman,"Carus Dental, P.C.",www.carusdental.com
Lvif Bret Davis,Lvif,Davis,Smile Texas,www.smiletexas.com
Philip Young,Philip,Young,Philip J Young Dds Pllc,www.wnysmile.com
Anthony Grasso,Anthony,Grasso,Anthony J Grasso Jr Dds,www.syracusenydentist.com
Matthew Tuft,Matthew,Tuft,Copperstone Dental,www.copperstonedental.com
Garry Bloch,Garry,Bloch,"Garry J. Bloch, D.M.D., L.L.C",www.pittsburghperioimplants.com
Veerjinder Singh,Veerjinder,Singh,Admire Dental Llc,www.admiredental.com
Dave Cantwell,Dave,Cantwell,Atlantis Dental,www.atlantisdental.com
Jeffrey Kleinheinz,Jeffrey,Kleinheinz,"Jeffrey Kleinheinz, DDS - Kleinheinz Dentistry",www.kleinheinzdentistry.com
Britta Lundgren Koehler,Britta,Koehler,CarolinasDentist.com,www.carolinasdentist.com
Anthony Hamod,Anthony,Hamod,Bel Air Dental Care,www.belairdental.com
Mark Sweeney,Mark,Sweeney,Austin Dental Spa,www.austindentalspa.com
Jo Clements,Jo,Clements,Anderson Dental Clinic,www.andersondentalclinic.com
Jenifer Culver,Jenifer,Culver,Park Dental Minnetonka,www.parkdental.com
Ed Brown,,,"Brown Family Orthodontics, Llc",www.brownfamilyortho.com
