First Last,First,Last,Company,Domain
Michele Chalmers,Michele,Chalmers,Michele Chalmers D.D.S,www.michelechalmersdds.com
Aseem Chawla,Aseem,Chawla,"Bella Smiles, Llc",www.bellasmileslv.com
Roy Mccormick,Roy,Mccormick,Leander Dental Care,www.leanderdental.com
Paul Boerman,Paul,Boerman,vt oral max surgery assc,www.vtoralsurgery.com
Shawn Sharp,Shawn,Sharp,"Minster Dental Center, Inc",www.minsterdental.com
Michael Odonnell,Michael,Odonnell,Great Florida Smiles & Orthodontics,www.greatfloridasmiles.com
Emily Ruth Guichet,Emily,Guichet,Guichet And Guichet Dds Inc,www.guichetdental.com
Ryan Robinson,Ryan,Robinson,"Pike Creek Dental, Llc",www.pikecreekdental.com
John Weaver,John,Weaver,Weaver Orthodontics,www.weaverorthodontics.com
Anthony Mobasser,Anthony,Mobasser,"Anthony Mobasser, DDS",www.celebritydentist.com
Harold Frazier,Harold,Frazier,Williams And Daily Dental,www.williamsdds.com
Amy Scepaniak,Amy,Scepaniak,Smile Solutions,www.smilesolutionsofcny.com
Alan Scharf,Alan,Scharf,Bel Air Dental Care,www.belairdental.com
Bryant Nguyen,Bryant,Nguyen,"Prestige Family Dentistry, P.L.L.C.",www.prestigefamilydentistry.com
Casey Chow,Casey,Chow,"Bella Smiles, Llc",www.bellasmileslv.com
Marshall Gordon,Marshall,Gordon,Marshall Gordon DDS,www.marshallgordon.com
John Mann,John,Mann,"John Mann, DMD",www.poconopinesdental.com
Mark Kaip,Mark,Kaip,"Harrison Dental, Llc",www.harrisondentalportland.com
Shawn Maloy,Shawn,Maloy,Old Town Dental Llc,www.old-town-dental.com
John Hao Rong,,,Genuine Care Dental,www.genuinecaredental.com
