First Last,First,Last,Company,Domain
David Dunscombe,David,Dunscombe,"Awbrey Dental Group, P.C",www.awbreydental.com
Daz Singh,Daz,Singh,Ollie & Darsh,www.ollieanddarsh.co.uk
Harris Levine,Harris,Levine,Feiler Dental Associates,www.feilerdental.com
Hemina Desai,Hemina,Desai,Apple Dental Care,www.appledentalcare.org
Ronald Blackhurst,Ronald,Blackhurst,"Ronald J. Blackhurst, DDS",www.blackhurstdental.com
Eddie Hutchison,Eddie,Hutchison,Royse City Dental,www.roysecitydentalcare.com
Krisha Misa,Krisha,Misa,Apple Dental Care,www.appledentalcare.org
Gregory Toback,Gregory,Toback,"Shoreline Periodontics, P.C",www.shorelineperio.com
Breann Mundy,Breann,Mundy,"Cynthia Pistoia, DMD",www.mydentalcare.com
Elizabeth Clary,Elizabeth,Clary,Apple Dental Care,www.appledentalcare.org
Adele Della Torre,Adele,Torre,"Adt Dental, Ltd",www.adtdental.com
Jonathan Mender,Jonathan,Mender,"Madison Dental Group, P.C",www.madisondental.com
Jenn Redmore,Jenn,Redmore,"Progressive Dental, Pllc",www.progressivedentalny.com
Prachi Shah,Prachi,Shah,Highland Dental Center,www.highlanddentalcenter.net
Tyler Jensen,Tyler,Jensen,BayView Dental Associates,www.bayviewdental.com
Michelle Ellingsen,Michelle,Ellingsen,"Ellingsen Endodontics, Pllc",www.ellingsenendo.com
Frederic Mandell,Frederic,Mandell,Jonathan M Gidan Dds,www.studiocitydentalgroup.com
Dan Zeppelin,Dan,Zeppelin,Aspenwood Dental Associates,www.aspenwooddental.com
Spencer Bjarnason,Spencer,Bjarnason,"Oakwood Endodontics, Ltd, Llp",www.oakwoodendodontics.com
Rodney Clark,,,Alliance Dental Center,www.alliancedentalcenter.org
